1, Thomas, 2015-11-27, 16:57:44, Fri
2, Thomas, 2015-11-27, 09:46:32, Fri
3, Vincent, 2015-11-27, 09:38:09, Fri
4, Thomas, 2015-11-27, 09:13:26, Fri
5, /OU=Domain Control Validated/CN=svn.company.net, 2015-11-27, 07:05:41, Fri
6, Vincent, 2015-11-27, 06:10:10, Fri
7, Vincent, 2015-11-27, 06:06:30, Fri
8, Vincent, 2015-11-26, 15:01:51, Thu
9, Vincent, 2015-11-26, 14:35:32, Thu
10, Vincent, 2015-11-26, 14:20:12, Thu
11, Vincent, 2015-11-26, 14:17:48, Thu
12, Vincent, 2015-11-26, 13:58:15, Thu
13, Thomas, 2015-11-26, 13:48:29, Thu
14, Vincent, 2015-11-26, 13:30:16, Thu
15, Vincent, 2015-11-26, 12:16:06, Thu
16, Vincent, 2015-11-26, 12:15:26, Thu
17, Thomas, 2015-11-26, 09:17:08, Thu
18, Vincent, 2015-11-26, 07:33:33, Thu
19, Thomas, 2015-11-25, 16:42:06, Wed
20, Thomas, 2015-11-25, 14:17:42, Wed
21, Thomas, 2015-11-25, 11:29:15, Wed
22, Thomas, 2015-11-25, 11:15:27, Wed
23, Thomas, 2015-11-25, 09:26:22, Wed
24, Vincent, 2015-11-24, 14:41:53, Tue
25, Thomas, 2015-11-24, 14:28:19, Tue
26, Vincent, 2015-11-24, 13:58:25, Tue
27, Vincent, 2015-11-24, 13:42:26, Tue
28, Thomas, 2015-11-23, 16:32:45, Mon
29, /OU=Domain Control Validated/CN=svn.company.net, 2015-11-23, 15:34:21, Mon
30, Thomas, 2015-11-23, 15:20:49, Mon
31, Jimmy, 2015-11-23, 15:02:18, Mon
32, Thomas, 2015-11-23, 11:46:06, Mon
33, Vincent, 2015-11-23, 05:50:12, Mon
34, Thomas, 2015-11-20, 16:36:17, Fri
35, Thomas, 2015-11-20, 15:43:36, Fri
36, Thomas, 2015-11-20, 13:06:04, Fri
37, Thomas, 2015-11-20, 12:57:08, Fri
38, Thomas, 2015-11-20, 12:42:14, Fri
39, Thomas, 2015-11-20, 12:40:31, Fri
40, Thomas, 2015-11-20, 12:39:03, Fri
41, Thomas, 2015-11-20, 12:37:26, Fri
42, Thomas, 2015-11-20, 12:35:47, Fri
43, Thomas, 2015-11-20, 12:33:51, Fri
44, Thomas, 2015-11-20, 12:28:01, Fri
45, Thomas, 2015-11-20, 12:26:32, Fri
46, /OU=Domain Control Validated/CN=svn.company.net, 2015-11-19, 16:41:58, Thu
47, Freddie, 2015-11-19, 13:53:23, Thu
48, Jimmy, 2015-11-19, 13:51:15, Thu
49, Jimmy, 2015-11-19, 13:35:41, Thu
50, Jimmy, 2015-11-19, 12:26:49, Thu
51, Vincent, 2015-11-19, 06:31:05, Thu
52, Vincent, 2015-11-18, 09:06:34, Wed
53, /OU=Domain Control Validated/CN=svn.company.net, 2015-11-17, 15:38:50, Tue
54, Vincent, 2015-11-17, 14:56:49, Tue
55, Thomas, 2015-11-17, 14:09:45, Tue
56, /OU=Domain Control Validated/CN=svn.company.net, 2015-11-16, 15:35:27, Mon
57, Jimmy, 2015-11-16, 14:47:41, Mon
58, Jimmy, 2015-11-16, 14:40:00, Mon
59, Jimmy, 2015-11-16, 14:35:39, Mon
60, Jimmy, 2015-11-16, 14:30:47, Mon
61, Jimmy, 2015-11-16, 14:26:50, Mon
62, Jimmy, 2015-11-16, 13:45:04, Mon
63, Dave, 2015-11-12, 20:10:20, Thu
64, Jimmy, 2015-11-12, 15:48:11, Thu
65, Jimmy, 2015-11-12, 15:47:49, Thu
66, Jimmy, 2015-11-12, 15:31:13, Thu
67, Jimmy, 2015-11-12, 14:37:08, Thu
68, Jimmy, 2015-11-12, 14:31:35, Thu
69, Jimmy, 2015-11-12, 14:27:36, Thu
70, Jimmy, 2015-11-12, 14:16:04, Thu
71, Jimmy, 2015-11-12, 14:11:02, Thu
72, Thomas, 2015-11-12, 11:44:34, Thu
73, Thomas, 2015-11-12, 10:32:06, Thu
74, Thomas, 2015-11-12, 10:27:58, Thu
75, Vincent, 2015-11-05, 16:31:34, Thu
76, Vincent, 2015-11-04, 20:47:04, Wed
77, Vincent, 2015-11-04, 20:34:30, Wed
78, Vincent, 2015-11-04, 16:37:55, Wed
79, Vincent, 2015-11-04, 16:15:14, Wed
80, Jimmy, 2015-11-03, 14:59:39, Tue
81, /OU=Domain Control Validated/CN=svn.company.net, 2015-11-03, 14:50:34, Tue
82, Jimmy, 2015-11-03, 14:35:14, Tue
83, Jimmy, 2015-11-03, 10:32:49, Tue
84, Thomas, 2015-11-03, 09:59:13, Tue
85, Thomas, 2015-11-03, 09:57:23, Tue
86, ajon0002, 2015-11-02, 15:15:35, Mon
87, ajon0002, 2015-11-02, 15:13:19, Mon
88, ajon0002, 2015-11-02, 15:09:41, Mon
89, ajon0002, 2015-11-02, 15:06:09, Mon
90, ajon0002, 2015-11-02, 15:02:56, Mon
91, ajon0002, 2015-11-02, 15:00:59, Mon
92, ajon0002, 2015-11-02, 15:00:06, Mon
93, ajon0002, 2015-11-02, 14:58:00, Mon
94, ajon0002, 2015-11-02, 14:55:02, Mon
95, Thomas, 2015-11-02, 11:38:15, Mon
96, Thomas, 2015-11-02, 11:32:59, Mon
97, Thomas, 2015-10-30, 16:07:02, Fri
98, Thomas, 2015-10-30, 15:30:32, Fri
99, Jimmy, 2015-10-30, 12:22:31, Fri
100, Thomas, 2015-10-30, 11:13:31, Fri
101, Thomas, 2015-10-30, 11:09:24, Fri
102, Thomas, 2015-10-29, 15:24:47, Thu
103, Thomas, 2015-10-29, 15:13:29, Thu
104, Thomas, 2015-10-29, 14:49:23, Thu
105, Thomas, 2015-10-29, 14:38:14, Thu
106, Thomas, 2015-10-29, 14:30:41, Thu
107, Thomas, 2015-10-29, 13:55:08, Thu
108, Thomas, 2015-10-29, 13:12:13, Thu
109, Thomas, 2015-10-29, 13:03:24, Thu
110, Thomas, 2015-10-29, 11:30:26, Thu
111, Thomas, 2015-10-29, 11:25:18, Thu
112, Jimmy, 2015-10-29, 10:59:57, Thu
113, Jimmy, 2015-10-29, 10:05:43, Thu
114, Thomas, 2015-10-29, 08:46:06, Thu
115, Thomas, 2015-10-28, 15:10:05, Wed
116, Thomas, 2015-10-28, 15:07:07, Wed
117, Thomas, 2015-10-28, 15:02:17, Wed
118, Thomas, 2015-10-28, 14:57:51, Wed
119, Jimmy, 2015-10-28, 09:36:03, Wed
120, Vincent, 2015-10-27, 18:12:29, Tue
121, Jimmy, 2015-10-27, 16:58:28, Tue
122, Jimmy, 2015-10-27, 16:28:16, Tue
123, Jimmy, 2015-10-27, 16:04:20, Tue
124, Jimmy, 2015-10-27, 16:01:15, Tue
125, Vincent, 2015-10-27, 13:15:19, Tue
126, Jimmy, 2015-10-23, 17:03:31, Fri
127, Jimmy, 2015-10-23, 16:07:36, Fri
128, Jimmy, 2015-10-23, 15:53:51, Fri
129, Jimmy, 2015-10-23, 15:53:31, Fri
130, Jimmy, 2015-10-23, 13:40:49, Fri
131, Jimmy, 2015-10-23, 13:30:01, Fri
132, Jimmy, 2015-10-23, 11:57:54, Fri
133, Jimmy, 2015-10-23, 10:59:01, Fri
134, Jimmy, 2015-10-23, 10:00:03, Fri
135, Jimmy, 2015-10-22, 14:42:26, Thu
136, Jimmy, 2015-10-22, 14:40:39, Thu
137, Jimmy, 2015-10-22, 14:35:31, Thu
138, Jimmy, 2015-10-22, 14:23:01, Thu
139, Jimmy, 2015-10-22, 14:08:58, Thu
140, Jimmy, 2015-10-22, 13:52:30, Thu
141, Jimmy, 2015-10-22, 13:42:47, Thu
142, Jimmy, 2015-10-22, 13:36:58, Thu
143, Jimmy, 2015-10-22, 11:26:04, Thu
144, Jimmy, 2015-10-22, 11:25:35, Thu
145, Jimmy, 2015-10-22, 11:25:18, Thu
146, Thomas, 2015-10-16, 11:55:48, Fri
147, Thomas, 2015-10-16, 11:32:58, Fri
148, Thomas, 2015-10-16, 11:13:18, Fri
149, Thomas, 2015-10-16, 11:04:56, Fri
150, Thomas, 2015-10-15, 16:50:56, Thu
151, Jimmy, 2015-10-14, 14:51:25, Wed
152, Jimmy, 2015-10-14, 14:49:17, Wed
153, Jimmy, 2015-10-14, 12:50:27, Wed
154, Jimmy, 2015-10-14, 12:40:19, Wed
155, Thomas, 2015-10-13, 15:54:58, Tue
156, /OU=Domain Control Validated/CN=svn.company.net, 2015-10-09, 14:34:54, Fri
157, Thomas, 2015-10-09, 13:58:14, Fri
158, Jimmy, 2015-10-09, 12:52:44, Fri
159, Jimmy, 2015-10-09, 12:30:40, Fri
160, Jimmy, 2015-10-09, 12:10:54, Fri
161, Thomas, 2015-10-09, 11:17:08, Fri
162, Thomas, 2015-10-09, 11:09:59, Fri
163, Thomas, 2015-10-09, 10:13:54, Fri
164, Thomas, 2015-10-09, 09:24:07, Fri
165, Thomas, 2015-10-09, 09:06:45, Fri
166, Thomas, 2015-10-09, 08:55:33, Fri
167, Thomas, 2015-10-09, 08:53:15, Fri
168, Thomas, 2015-10-08, 14:55:59, Thu
169, Thomas, 2015-10-08, 14:49:55, Thu
170, Thomas, 2015-10-08, 14:38:16, Thu
171, Thomas, 2015-10-07, 15:19:21, Wed
172, Thomas, 2015-10-07, 14:44:23, Wed
173, Thomas, 2015-10-07, 14:23:29, Wed
174, Thomas, 2015-10-07, 14:19:38, Wed
175, Thomas, 2015-10-07, 14:19:14, Wed
176, Thomas, 2015-10-07, 11:06:28, Wed
177, Thomas, 2015-10-07, 10:45:54, Wed
178, Thomas, 2015-10-06, 16:15:27, Tue
179, Thomas, 2015-10-06, 16:07:38, Tue
180, Thomas, 2015-10-06, 15:36:53, Tue
181, Thomas, 2015-10-06, 15:28:51, Tue
182, Thomas, 2015-10-06, 15:27:59, Tue
183, Thomas, 2015-10-06, 15:26:10, Tue
184, Thomas, 2015-10-06, 15:23:31, Tue
185, Thomas, 2015-10-06, 15:21:35, Tue
186, Thomas, 2015-10-06, 15:18:18, Tue
187, Thomas, 2015-10-06, 15:13:00, Tue
188, Thomas, 2015-10-02, 16:23:05, Fri
189, Thomas, 2015-10-02, 13:24:26, Fri
190, Thomas, 2015-10-02, 10:15:40, Fri
191, Thomas, 2015-10-01, 13:25:23, Thu
192, Jimmy, 2015-10-01, 13:18:27, Thu
193, Jimmy, 2015-10-01, 12:29:00, Thu
194, Jimmy, 2015-09-29, 14:08:40, Tue
195, Jimmy, 2015-09-29, 12:49:38, Tue
196, Jimmy, 2015-09-29, 11:55:33, Tue
197, Jimmy, 2015-09-29, 11:50:00, Tue
198, Jimmy, 2015-09-29, 11:36:56, Tue
199, Jimmy, 2015-09-29, 11:31:00, Tue
200, Jimmy, 2015-09-29, 11:22:15, Tue
201, Jimmy, 2015-09-28, 11:47:57, Mon
202, Thomas, 2015-09-25, 14:35:53, Fri
203, Jimmy, 2015-09-25, 14:15:11, Fri
204, Jimmy, 2015-09-25, 11:35:42, Fri
205, Thomas, 2015-09-22, 14:23:03, Tue
206, Jimmy, 2015-09-18, 14:08:32, Fri
207, Thomas, 2015-09-17, 15:02:43, Thu
208, Thomas, 2015-09-16, 15:05:40, Wed
209, Thomas, 2015-09-16, 14:19:18, Wed
210, Jimmy, 2015-09-16, 08:42:42, Wed
211, /OU=Domain Control Validated/CN=svn.company.net, 2015-09-10, 17:34:36, Thu
212, Jimmy, 2015-09-10, 11:03:36, Thu
213, Jimmy, 2015-09-10, 09:49:48, Thu
214, /OU=Domain Control Validated/CN=svn.company.net, 2015-09-09, 15:10:46, Wed
215, Jimmy, 2015-09-09, 14:45:52, Wed
216, /OU=Domain Control Validated/CN=svn.company.net, 2015-09-09, 13:23:06, Wed
217, Thomas, 2015-09-09, 11:37:11, Wed
218, Thomas, 2015-09-09, 11:18:13, Wed
219, Thomas, 2015-09-09, 10:57:24, Wed
220, Thomas, 2015-09-09, 09:54:23, Wed
221, Jimmy, 2015-09-09, 09:35:37, Wed
222, Jimmy, 2015-09-09, 08:36:04, Wed
223, Thomas, 2015-09-08, 16:52:10, Tue
224, Thomas, 2015-09-08, 13:00:44, Tue
225, Thomas, 2015-09-08, 11:12:36, Tue
226, Thomas, 2015-09-08, 11:09:10, Tue
227, Thomas, 2015-09-08, 09:46:51, Tue
228, Freddie, 2015-09-07, 18:02:26, Mon
229, Freddie, 2015-09-07, 08:40:42, Mon
230, /OU=Domain Control Validated/CN=svn.company.net, 2015-09-04, 15:28:55, Fri
231, Thomas, 2015-09-04, 14:45:09, Fri
232, Thomas, 2015-09-04, 14:35:07, Fri
233, Thomas, 2015-09-04, 12:36:03, Fri
234, Thomas, 2015-09-04, 10:33:11, Fri
235, Thomas, 2015-09-04, 09:24:09, Fri
236, Thomas, 2015-09-03, 16:43:11, Thu
237, Freddie, 2015-09-03, 10:11:46, Thu
238, Freddie, 2015-08-28, 09:28:08, Fri
239, murari.krishnan, 2015-08-27, 15:18:55, Thu
240, Thomas, 2015-08-27, 09:07:17, Thu
241, Freddie, 2015-08-26, 10:51:19, Wed
242, Thomas, 2015-08-26, 09:41:24, Wed
243, Freddie, 2015-08-26, 08:12:56, Wed
244, Nicky, 2015-08-25, 17:19:59, Tue
245, Thomas, 2015-08-25, 16:28:54, Tue
246, Thomas, 2015-08-25, 09:34:01, Tue
247, /OU=Domain Control Validated/CN=svn.company.net, 2015-08-24, 11:14:13, Mon
248, Jimmy, 2015-08-24, 10:37:35, Mon
249, Jimmy, 2015-08-21, 16:50:38, Fri
250, Jimmy, 2015-08-21, 14:07:58, Fri
251, Jimmy, 2015-08-21, 12:12:20, Fri
252, Jimmy, 2015-08-21, 11:16:41, Fri
253, /OU=Domain Control Validated/CN=svn.company.net, 2015-08-20, 15:06:07, Thu
254, Jimmy, 2015-08-20, 14:41:27, Thu
255, Jimmy, 2015-08-20, 14:35:13, Thu
256, Jimmy, 2015-08-20, 14:28:08, Thu
257, Jimmy, 2015-08-20, 14:19:26, Thu
258, Thomas, 2015-08-20, 12:05:30, Thu
259, Thomas, 2015-08-20, 11:49:01, Thu
260, Thomas, 2015-08-20, 09:42:08, Thu
261, Thomas, 2015-08-20, 09:32:45, Thu
262, Thomas, 2015-08-19, 16:54:40, Wed
263, Thomas, 2015-08-19, 15:30:13, Wed
264, Thomas, 2015-08-19, 10:47:31, Wed
265, Thomas, 2015-08-19, 10:46:16, Wed
266, Thomas, 2015-08-19, 10:36:15, Wed
267, Thomas, 2015-08-17, 16:22:32, Mon
268, Thomas, 2015-08-17, 13:36:03, Mon
269, Jimmy, 2015-08-14, 13:54:38, Fri
270, Jimmy, 2015-08-14, 13:17:45, Fri
271, Jimmy, 2015-08-14, 12:44:07, Fri
272, Jimmy, 2015-08-14, 09:38:08, Fri
273, /OU=Domain Control Validated/CN=svn.company.net, 2015-08-13, 14:59:27, Thu
274, Nicky, 2015-08-13, 14:11:18, Thu
275, /OU=Domain Control Validated/CN=svn.company.net, 2015-08-13, 13:24:34, Thu
276, Jimmy, 2015-08-13, 12:56:59, Thu
277, /OU=Domain Control Validated/CN=svn.company.net, 2015-08-13, 11:45:19, Thu
278, Jimmy, 2015-08-13, 11:11:29, Thu
279, Jimmy, 2015-08-13, 10:34:01, Thu
280, Jimmy, 2015-08-13, 10:33:33, Thu
281, Jimmy, 2015-08-13, 10:21:05, Thu
282, Jimmy, 2015-08-12, 17:59:37, Wed
283, Jimmy, 2015-08-12, 15:08:00, Wed
284, Jimmy, 2015-08-12, 13:23:37, Wed
285, Jimmy, 2015-08-12, 12:19:41, Wed
286, Jimmy, 2015-08-12, 12:08:41, Wed
287, Jimmy, 2015-08-12, 10:29:11, Wed
288, Jimmy, 2015-08-12, 08:26:25, Wed
289, Jimmy, 2015-08-10, 14:30:21, Mon
290, Jimmy, 2015-08-10, 14:25:22, Mon
291, Jimmy, 2015-08-10, 14:06:28, Mon
292, Jimmy, 2015-08-10, 14:01:26, Mon
293, Jimmy, 2015-08-07, 13:55:01, Fri
294, Jimmy, 2015-08-07, 13:29:04, Fri
295, Thomas, 2015-08-06, 16:44:44, Thu
296, /OU=Domain Control Validated/CN=svn.company.net, 2015-08-06, 10:00:39, Thu
297, Thomas, 2015-08-05, 15:58:41, Wed
298, Thomas, 2015-08-05, 14:43:58, Wed
299, Jimmy, 2015-08-05, 14:30:09, Wed
300, Jimmy, 2015-08-05, 14:16:44, Wed
301, Thomas, 2015-08-05, 10:36:03, Wed
302, Thomas, 2015-08-04, 16:34:43, Tue
303, Thomas, 2015-08-04, 16:00:51, Tue
304, Thomas, 2015-08-04, 14:47:30, Tue
305, Thomas, 2015-08-04, 14:31:44, Tue
306, Jimmy, 2015-08-04, 14:27:27, Tue
307, Jimmy, 2015-08-04, 14:16:37, Tue
308, Jimmy, 2015-08-04, 14:11:09, Tue
309, Thomas, 2015-08-04, 14:04:57, Tue
310, Jimmy, 2015-08-04, 14:04:25, Tue
311, Jimmy, 2015-08-04, 13:54:05, Tue
312, Thomas, 2015-08-04, 13:49:54, Tue
313, Jimmy, 2015-08-04, 13:17:59, Tue
314, Jimmy, 2015-08-04, 13:09:04, Tue
315, Thomas, 2015-08-04, 12:06:10, Tue
316, Thomas, 2015-08-04, 11:38:01, Tue
317, Thomas, 2015-08-04, 11:32:33, Tue
318, Jimmy, 2015-08-04, 11:20:26, Tue
319, Thomas, 2015-08-04, 11:11:54, Tue
320, Thomas, 2015-08-04, 11:04:57, Tue
321, Thomas, 2015-07-31, 14:45:12, Fri
322, Thomas, 2015-07-31, 14:38:41, Fri
323, Thomas, 2015-07-31, 14:02:01, Fri
324, Thomas, 2015-07-31, 13:53:01, Fri
325, Thomas, 2015-07-31, 13:13:05, Fri
326, Thomas, 2015-07-31, 11:25:54, Fri
327, /OU=Domain Control Validated/CN=svn.company.net, 2015-07-30, 15:31:45, Thu
328, Thomas, 2015-07-30, 15:01:09, Thu
329, Thomas, 2015-07-30, 14:50:17, Thu
330, Thomas, 2015-07-30, 14:49:48, Thu
331, Thomas, 2015-07-30, 14:39:58, Thu
332, Thomas, 2015-07-30, 14:33:20, Thu
333, Thomas, 2015-07-30, 14:09:42, Thu
334, /OU=Domain Control Validated/CN=svn.company.net, 2015-07-30, 10:43:33, Thu
335, Thomas, 2015-07-30, 09:58:03, Thu
336, Thomas, 2015-07-30, 09:05:21, Thu
337, Thomas, 2015-07-29, 14:46:30, Wed
338, Thomas, 2015-07-29, 14:20:59, Wed
339, Thomas, 2015-07-29, 10:06:55, Wed
340, Thomas, 2015-07-28, 10:22:46, Tue
341, Thomas, 2015-07-28, 08:38:12, Tue
342, Nicky, 2015-07-27, 13:01:18, Mon
343, Thomas, 2015-07-27, 10:10:44, Mon
344, Thomas, 2015-07-27, 09:26:01, Mon
345, Thomas, 2015-07-24, 16:13:21, Fri
346, Thomas, 2015-07-24, 16:00:58, Fri
347, /OU=Domain Control Validated/CN=svn.company.net, 2015-07-24, 14:43:57, Fri
348, Thomas, 2015-07-24, 11:49:13, Fri
349, Thomas, 2015-07-24, 11:27:05, Fri
350, Thomas, 2015-07-24, 10:45:10, Fri
351, Thomas, 2015-07-24, 09:43:16, Fri
352, Thomas, 2015-07-24, 09:37:34, Fri
353, Thomas, 2015-07-24, 09:30:51, Fri
354, Thomas, 2015-07-23, 16:09:42, Thu
355, /OU=Domain Control Validated/CN=svn.company.net, 2015-07-23, 15:00:50, Thu
356, Thomas, 2015-07-23, 14:32:43, Thu
357, Thomas, 2015-07-23, 14:21:42, Thu
358, Thomas, 2015-07-23, 14:14:21, Thu
359, Dave, 2015-07-23, 09:37:01, Thu
360, Thomas, 2015-07-23, 09:24:09, Thu
361, Thomas, 2015-07-23, 09:12:29, Thu
362, Thomas, 2015-07-23, 08:48:05, Thu
363, Thomas, 2015-07-23, 08:44:05, Thu
364, Thomas, 2015-07-22, 16:15:58, Wed
365, Nicky, 2015-07-22, 14:04:49, Wed
366, Thomas, 2015-07-21, 14:29:13, Tue
367, Jimmy, 2015-07-21, 13:09:10, Tue
368, Jimmy, 2015-07-21, 12:57:12, Tue
369, Jimmy, 2015-07-21, 11:54:34, Tue
370, Jimmy, 2015-07-21, 11:45:38, Tue
371, Jimmy, 2015-07-21, 11:20:23, Tue
372, Jimmy, 2015-07-20, 12:08:48, Mon
373, Jimmy, 2015-07-17, 13:54:22, Fri
374, Jimmy, 2015-07-17, 13:49:52, Fri
375, Jimmy, 2015-07-17, 13:28:41, Fri
376, Jimmy, 2015-07-17, 13:27:38, Fri
377, /OU=Domain Control Validated/CN=svn.company.net, 2015-07-17, 11:58:34, Fri
378, Jimmy, 2015-07-17, 10:14:16, Fri
379, Thomas, 2015-07-17, 08:39:34, Fri
380, Nicky, 2015-07-16, 19:32:25, Thu
381, Thomas, 2015-07-16, 16:48:08, Thu
382, Jimmy, 2015-07-16, 14:47:09, Thu
383, Alan, 2015-07-16, 14:37:37, Thu
384, Jimmy, 2015-07-16, 14:02:49, Thu
385, Jimmy, 2015-07-16, 13:51:17, Thu
386, Jimmy, 2015-07-16, 13:41:50, Thu
387, Alan, 2015-07-16, 11:51:46, Thu
388, Alan, 2015-07-16, 11:48:20, Thu
389, /OU=Domain Control Validated/CN=svn.company.net, 2015-07-15, 15:46:38, Wed
390, Alan, 2015-07-15, 15:25:12, Wed
391, Jimmy, 2015-07-15, 15:08:50, Wed
392, Jimmy, 2015-07-15, 15:02:58, Wed
393, Jimmy, 2015-07-15, 15:00:04, Wed
394, Jimmy, 2015-07-15, 14:04:56, Wed
395, Jimmy, 2015-07-15, 13:55:46, Wed
396, /OU=Domain Control Validated/CN=svn.company.net, 2015-07-15, 13:49:47, Wed
397, Jimmy, 2015-07-15, 13:48:45, Wed
398, Jimmy, 2015-07-15, 13:42:17, Wed
399, Jimmy, 2015-07-15, 13:30:01, Wed
400, Jimmy, 2015-07-15, 11:55:03, Wed
401, Jimmy, 2015-07-15, 11:33:28, Wed
402, Jimmy, 2015-07-14, 14:56:43, Tue
403, Jimmy, 2015-07-14, 14:40:44, Tue
404, Jimmy, 2015-07-14, 14:18:59, Tue
405, Jimmy, 2015-07-14, 14:06:22, Tue
406, Jimmy, 2015-07-14, 13:49:51, Tue
407, Jimmy, 2015-07-14, 13:42:45, Tue
408, Jimmy, 2015-07-14, 12:25:40, Tue
409, Thomas, 2015-07-13, 16:29:13, Mon
410, Thomas, 2015-07-13, 16:22:25, Mon
411, Thomas, 2015-07-13, 16:17:26, Mon
412, Thomas, 2015-07-13, 16:12:14, Mon
413, Thomas, 2015-07-13, 16:08:55, Mon
414, Thomas, 2015-07-13, 16:03:32, Mon
415, Thomas, 2015-07-13, 16:00:35, Mon
416, Jimmy, 2015-07-13, 13:59:14, Mon
417, Jimmy, 2015-07-13, 13:48:50, Mon
418, Jimmy, 2015-07-13, 13:06:21, Mon
419, Thomas, 2015-07-13, 11:52:09, Mon
420, Alan, 2015-07-13, 11:32:02, Mon
421, Jimmy, 2015-07-13, 11:03:48, Mon
422, Thomas, 2015-07-13, 09:21:48, Mon
